document_id,tasks,reason
<urn:uuid:0ad75045-f2ac-4781-bb8a-dc4d85c9cbcd>,wikitext_103,13gram_hits=6
<urn:uuid:1df4e126-889a-4617-a019-0889bb08a5f6>,wikitext_103,13gram_hits=6
<urn:uuid:ffd29c3e-3e8f-402b-a7f0-dc2712d6fb40>,wikitext_103,13gram_hits=6
<urn:uuid:71d7ce5d-1f8e-42bc-b830-6932f15a51d2>,hellaswag,13gram_hits=7
<urn:uuid:fc72d79b-945a-4c98-8fc9-33fe07213bff>,wikitext_103,13gram_hits=13
<urn:uuid:681849a2-4600-47eb-8ef2-83c9c4d1de8e>,hellaswag,13gram_hits=3
<urn:uuid:6a00ec78-2ab3-461f-bc80-e6f9a5548ee4>,wikitext_103,13gram_hits=7
<urn:uuid:29543289-5fca-45d7-a226-ea4bc6d384bb>,wikitext_103,13gram_hits=6
<urn:uuid:bef95e4f-4f88-4223-984b-99d9e57cc2fa>,wikitext_103,13gram_hits=6
